{"cameraMode":{"drawMode":0,"name":"Shaded","section":"Shading Mode"},"sceneLighting":true,"audioPlay":false,"sceneViewState":{"m_AlwaysRefresh":false,"showFog":true,"showSkybox":true,"showFlares":true,"showImageEffects":true,"showParticleSystems":true,"showVisualEffectGraphs":true,"m_FxEnabled":true},"in2DMode":false,"pivot":{"x":0.25269320607185366,"y":0.36114922165870669,"z":-0.8122451305389404},"rotation":{"x":0.00010347932402510196,"y":0.9994008541107178,"z":0.03449301794171333,"w":-0.0029982118867337705},"size":1.8345844745635987,"orthographic":false}